iter	Logloss
0	0.6879919558
1	0.6815428262
2	0.6765118554
3	0.671537252
4	0.6653022136
5	0.659148161
6	0.654356164
7	0.6496175987
8	0.6436669062
9	0.6377932076
