iter	Logloss
0	0.5557064234
1	0.4883010846
2	0.448987132
3	0.4279779441
4	0.4108233488
5	0.4078427222
6	0.3994301045
7	0.3923840246
8	0.3859916699
9	0.3801769348
