iter	Logloss
0	0.5401036644
1	0.4798297317
2	0.4445319556
3	0.4226384717
4	0.4111715577
5	0.4031736502
6	0.4019407602
7	0.3973292466
8	0.3921274388
9	0.3896178093
